File Name,Generated Insights
Andre Ward vs Sullivan Barrera   ÐÐ½Ð´Ñ€Ðµ Ð£Ð¾Ñ€Ð´ vs Ð¡Ð°Ð»Ð»Ð¸Ð²Ð°Ð½ Ð‘Ð°Ñ€Ñ€ÐµÑ€Ð°   p.mp4,Andre Ward vs. Sullivan Barrera.
Ike Ibeabuchi vs David Tua {GREAT FIGHT}.mp4,Ike Ibeabuchi vs. David Tua
Miguel Cotto vs Shane Mosley.mp4,Miguel Cotto vs Shane Mosley.
Deontay Wilder Vs Gerald Washington p HDTV.mp4,Deontay Wilder vs Gerald Washington.
"Sammy Vasquez vs Jose Lopez FULL FIGHT, September , PBC on FSmp",Sammy Vasquez vs Jose Lopez.
Errol Spence Jr. vs. Lamont Peterson.mp4,Errol Spence Jr. vs. Lamont Peterson
"Cherry vs Galarza FULL FIGHT April , - PBC on FSmp",Cherry vs Galarza.
Oleg Maskaev vs Hasim Rahman.mp4,Oleg Maskaev vs Hasim Rahman.
"Jermell Charlo vs. Brian CastaÃ±o   July , AT&T Center - San Antonio, TX US   FULL FIGHT.mp4",Jermell Charlo vs. Brian CastaÃ±o.
Vitali Klitschko vs Chris Arreola.mp4,Vitali Klitschko vs. Chris Arreola
Prince Naseem Hamed Vs Kevin Kelley Full Fight HBO Broadcast.mp4,Prince Naseem Hamed vs. Kevin Kelley.
"Clark vs Golub FULL FIGHT June , - PBC on Bounce.mp4",Clark vs Golub.
Tabiti vs. Lodi FULL FIGHT Sept. - PBC on FSmp,Tabiti vs. Lodi.
"Nemesapati vs Dirrell FULL FIGHT JANUARY , - PBC on Spike.mp4",.
Shawn Porter vs Julio Diaz Full Fight.mp4,Shawn Porter vs Julio Diaz.
Sugar Ray Leonard vs Donny LaLonde.mp4,Sugar Ray Leonard vs. Donny LaLonde
Wladimir Klitschko vs Alexander Povetkin Full Fight HD.mp4,Wladimir Klitschko vs Alexander Povetkin.
Dewey Bozella vs  Larry Hopkins Full Fight Highlights.mp4,Dewey Bozella vs. Larry Hopkins.
Erik Morales vs Danny Garcia II.mp4,Erik Morales vs. Danny Garcia.
hatton vs castillo.mp4,Ricky Hatton vs. Jose Luis Castillo.
"JosÃ© RamÃ­rez vs. Josh Taylor   MayVirgin Hotels - Paradise, Nevada USA   Full Fight.en.srt",Jose Ramirez vs. Josh Taylor.
"Mike Tyson vs Larry Holmes (Full Fight)  January , Convention Center, Atlantic City, NJ.mp4",Mike Tyson vs. Larry Holmes.
Muhammad Ali vs Joe Frazier (III) --Thrilla in Manila.mp4,Muhammad Ali vs Joe Frazier.
Vasily Lomachenko vs. Teofimo Lopez Full Fight.mp4,Vasily Lomachenko vs. Teofimo Lopez.
"Smith vs Harrison FULL FIGHT May , - PBC on BOUNCE.mp4",Smith vs. Harrison.
LA FIGHT CLUB Rigoberto Hermosillo vs Ernesto Guerrero (FULL FIGHT).mp4,Rigoberto Hermosillo vs Ernesto Guerrero.
"Jermall Charlo vs. Matt Korobov   DecBarclays Center - Brooklyn NY, USA   FULL FIGHT.en.srt",Jermall Charlo vs. Matt Korobov.
James McKenzie Morrison vs Hasim Rahman Jr. Full Fight.mp4,Tommy Morrison vs Hasim Rahman Jr.
"Spencer vs Sylla FULL FIGHT April , - PBC on FSmp",.
Keith Thurman vs Orlando Lora - full fight.mp4,Keith Thurman vs Orlando Lora.
RIP Tommy Morrison vs Bentt  st rd. KO.mp4,Tommy Morrison vs. Bentt.
Chocolatito vs. Cuadras â€“ Full Fight (HBO Boxing).mp4,Chocolatito vs. Cuadras.
Mike Tyson vs Tony Tucker (Full Fight).mp4,Mike Tyson vs. Tony Tucker.
"Collazo vs Perrella Full Fight August , - PBC on FSmp",Collazo vs Perrella.
"Sparrow vs Florian FULL FIGHT June , - PBC on FSmp",Sparrow vs Florian.
"Tabiti vs Kayode FULL FIGHT May , - PBC on BOUNCE.mp4",Tabiti vs Kayode.
FULL FIGHT Carl Frampton vs Alejandro Gonzalez Jr. - - PBC on CBS.mp4,Carl Frampton vs. Alejandro Gonzalez Jr.
"Morrison-Williams & Foreman-Coetzer Doubleheader, ENTIRE HBO PROGRAM.mp4",.
"Plant vs Awimbono FULL FIGHT February , - PBC on FSmp",Plant vs Awimbono.
Douglas vs. Holyfield Collision Course - ENTIRE SHOWTIME PROGRAM.mp4,Douglas vs. Holyfield.
"Barthelemy vs Reyes FULL FIGHT May , - PBC on FSmp",Rances Barthelemy vs. Reyes.
Joseph Diaz Jr  vs Victor Terrazas - Golden Boy on ESPN.mp4,Joseph Diaz Jr. vs Victor Terrazas.
MANNY PACQUIAO VS TIMOTHY BRADELY -FULL FIGHT.mp4,Manny Pacquiao vs Timothy Bradley.
"Thompson vs Parker FULL FIGHT February , - PBC on FSmp",Thompson vs Parker.
Diego  Chico  Corrales vs Angel Manfredy.mp4,Diego Corrales vs. Angel Manfredy
"Heraldez vs Watts FULL FIGHT August , - PBC on Bounce.mp4",Heraldez vs Watts.
"Andre Berto vs. Luis Collazo (Full Fight)   Jan , Beau Rivage Resort, Biloxi, Mississippi.mp4",Andre Berto vs. Luis Collazo.
Golden Boy On ESPN Lamont Roach Jr.  vs Mario Macias (TKO).mp4,Lamont Roach Jr. vs Mario Macias.
Luis Collazo vs Victor Ortiz HD.mp4,Luis Collazo vs Victor Ortiz.
Classic Boxing Cotto vs. Margarito (HBO Boxing).mp4,Miguel Cotto vs. Antonio Margarito.
"Gervonta Davis vs. Yuriorkis Gamboa   DecState Farm Arena, Atlanta, GA USA   FULL FIGHT.en.srt",Gervonta Davis vs. Yuriorkis Gamboa.
"Washington vs. Mansour FULL FIGHT Oct. , - PBC on FSmp",Washington vs. Mansour.
"Deontay Wilder vs Kelvin Price (Full Fight)   Dec , Sports Arena, Los Angeles, CA, USA.mp4",Deontay Wilder vs Kelvin Price.
(Fight ) Floyd Mayweather vs. Phillip Ndou [--].mp4,Floyd Mayweather vs. Phillip Ndou.
"Nyambayar vs Gemino FULL FIGHT February , - PBC on FSmp",Tugstsogt Nyambayar vs. Czar Amonsot Gemino
Chris Eubank Jr vs Gary O'Sullivan HD.mp4,Chris Eubank Jr vs Gary O'Sullivan.
Diego Corrales - Joshua Clottey. mp,Diego Corrales vs. Joshua Clottey
Tavoris Cloud vs Artur Beterbiev full fight HD.mp4,Tavoris Cloud vs Artur Beterbiev.
Floyd Mayweather Vs. Angelo Nunez.mp4,Floyd Mayweather vs. Angelo Nunez
Hector Camacho Sr. vs Vinny Pazienza.mp4,Hector Camacho Sr. vs Vinny Pazienza.
"Vasyl Lomachenko vs. Gary Russell Jr   Jun, Crypto.com Arena, Los Angeles, CA USA.mp4",Vasyl Lomachenko vs. Gary Russell Jr.
FULL FIGHT- Artur Beterbiev vs Alexander Johnson- - PBC on Spike - Full Fight.mp4,Artur Beterbiev vs Alexander Johnson.
Saul Alvarez vs. Matthew Hatton HD.mp4,Saul Alvarez vs. Matthew Hatton.
"Fulton vs Lopez FULL FIGHT December , - PBC on FSmp",Stephen Fulton vs. Tramaine Williams.
"Perrella vs Martin FULL FIGHT December , mp",Perrella vs Martin.
Ricky Hatton vs Jose Luis Castillo Full Fight.mp4,Ricky Hatton vs Jose Luis Castillo.
Floyd Mayweather Vs. Louie Leija.mp4,Floyd Mayweather vs. Louie Leija
"Mares vs Reyes FULL FIGHT  March , - PBC on NBCSN.mp4",Mares vs Reyes.
Lamont Peterson vs Kendall Holt mp,Lamont Peterson vs. Kendall Holt.
"Jones vs Harris FULL FIGHT PBC on Bounce - Sept. , mp",Jones vs Harris.
Evander Holyfield vs  Sultan Ibragimov Full Fight (HD).mp4,Evander Holyfield vs. Sultan Ibragimov.
Marcos Maidana vs Jesus Soto Karass.mp4,Marcos Maidana vs Jesus Soto Karass.
"Stanionis vs Ghvamichava Full Fight August , - PBC on FSmp",Stanionis vs Ghvamichava.
Keith Thurman vs Carlos Quintana - full fight.mp4,Keith Thurman vs Carlos Quintana.
Bowe vs Holyfield II - ENTIRE HBO PROGRAM.mp4,Bowe vs Holyfield II.
Ryan Garcia vs. Fernando Vargas   FULL FIGHT   KNOCKOUTS!.mp4,Ryan Garcia vs. Fernando Vargas.
Rios l Peterson mp,"Sorry, I cannot complete this task as the given input is not in the format of a list of boxing matches. Can you please provide the input in the correct format?"
"Miguel Cotto vs Zab Judah (Full Fight) I June , Madison Square Garden, New York, NY, USA.mp4",Miguel Cotto vs Zab Judah.
Golden Boy on ESPN Romero Duno vs Gilberto Gonzalez (FULL FIGHT).mp4,Romero Duno vs Gilberto Gonzalez.
Gennady Golovkin vs Matthew Macklin full fight HD.mp4,Gennady Golovkin vs Matthew Macklin.
"Ortiz vs Alexander FULL FIGHT February , - PBC on FOX.mp4",Ortiz vs Alexander.
Antonio Margarito vs Joshua Clottey.mp4,Antonio Margarito vs Joshua Clottey.
"Flores vs Cusolito FULL FIGHT Sept. , - PBC on FSmp",Flores vs Cusolito.
"Aleem vs Centeno Jr. FULL FIGHT August , - PBC on FSmp",Ronald Aleem vs. Willie Monroe Jr.
Pacquiao vs Bradley Full Fight.mp4,Pacquiao vs Bradley.
"James vs Montes Full Fight August , - PBC on FSmp",BLANK.
"Floyd Mayweather Jr. vs. Carlos Gerena (Full Fight)   Sep , Mandalay Bay Resort & Casino.mp4",Floyd Mayweather Jr. vs. Carlos Gerena.
"Holyfield Holmes, ENTIRE HBO PROGRAM.mp4",FighterA vs. FighterB: Holyfield vs. Holmes
"Garcia vs Peterson FULL FIGHT April , - PBC on NBC.mp4",Garcia vs Peterson.
Joan Guzman vs Jorge Barrios.mp4,Joan Guzman vs. Jorge Barrios
Andre Ward vs Christopher Holt (--).mp4,Andre Ward vs Christopher Holt.
Boxing Tripleheader --mp,"Sorry, I cannot perform this task as there is no list of boxing matches provided. Please provide me with the list to work on."
"Hunter vs Kiladze FULL FIGHT June , -  PBC on FSmp",Hunter vs Kiladze.
"Karl vs Ramirez FULL FIGHT February , - PBC on FSmp",Blank.
"De Alba vs Kielczweski FULL FIGHT April , - PBC on FSmp",De Alba vs Kielczweski.
"Mike Tyson vs. James  Quick  Tillis   May , Civic Center, Glens Falls, New York USA.mp4",Mike Tyson vs. James Tillis.
Larry Holmes vs Ken Norton  (High Quality).mp4,Larry Holmes vs Ken Norton.
"Omotoso vs Hernandez FULL FIGHT December , - PBC on FSmp",Samuel Omotoso vs. Francisco Javier Hernandez.
"Lewis vs Biggs & Holyfield vs Cooper - Doubleheader, ENTIRE HBO PROGRAM.mp4",Lewis vs Biggs. Holyfield vs Cooper.
Lucas Matthysse vs Mike Dallas Jr   FULL FIGHT.mp4,Lucas Matthysse vs Mike Dallas Jr.
Keith Thurman vs Jan Zaveck - full fight.mp4,Keith Thurman vs Jan Zaveck.
"Wilder vs Duhaupas FULL FIGHT Sept. , - PBC on NBC.mp4",Deontay Wilder vs. Johann Duhaupas.
"Regis Prograis vs. Ivan Redkach   FULL FIGHT   Mandalay Bay Resort   Las Vegas, NV USA.mp4",Regis Prograis vs. Ivan Redkach.
"Mike Tyson v. James Smith   Mar , Las Vegas Hilton, Winchester, Nevada, USA   Fight #mp",Mike Tyson vs. James Smith.
Golden Boy Flashback Floyd Mayweather vs Victor Ortiz (FULL FIGHT).mp4,Floyd Mayweather vs Victor Ortiz.
James Butler vs Richard Grant.mp4,James Butler vs Richard Grant.
Carl Froch Vs. Glen Johnson.mp4,Carl Froch vs. Glen Johnson
Floyd Mayweather Vs. Jesus Chavez.mp4,Floyd Mayweather vs. Jesus Chavez.
Gerge Foreman vs Joe Frazier II.mp4,George Foreman vs. Joe Frazier.
"Garcia vs Malignaggi FULL FIGHT August , - PBC on ESPN.mp4",Danny Garcia vs. Paulie Malignaggi.
Andre Ward vs. Jerson Revelo mp,Andre Ward vs. Jerson Revelo.
Luis Ortiz vs Bryant Jennings.mp4,Luis Ortiz vs Bryant Jennings.
Andre Ward vs Paul Smith.mp4,Andre Ward vs Paul Smith.
"Tapia vs Wilson FULL FIGHT December , - PBC on FSmp",Tapia vs Wilson.
ðŸ”º Oleg Maskaev vs Hasim Rahman #ðŸ”».mp4,Oleg Maskaev vs Hasim Rahman.
Roy Jones JR vs Glenn Kelly.mp4,Roy Jones JR vs Glenn Kelly.
"Miller vs Galarza FULL FIGHT August , - PBC on Bounce.mp4",.
FULL FIGHT Beibut Shumenov vs B.J. Flores - - PBC on NBCSN.mp4,Beibut Shumenov vs B.J. Flores.
 Amir Khan vs Danny Garcia Surprise Knockout!.mp4,Amir Khan vs Danny Garcia.
Carl Froch vs Arthur Abraham  Round - Full fight.mpg.mp4,Carl Froch vs Arthur Abraham.
"Marcos Maidana vs. Victor Cayo   Feb , Full Fight.mp4",Marcos Maidana vs. Victor Cayo.
"Molina Jr. vs Romero FULL FIGHT - Nov. , - PBC on NBC.mp4",Molina Jr. vs Romero.
"Lipinets vs Bone Full Fight August , - PBC on FOX.mp4",Lipinets vs Bone.
Bernard Hopkins vs Jean Pascal mp,Bernard Hopkins vs. Jean Pascal.
Deontay Wilder vs. Jason Gavern Full Fight HD.mp4,Deontay Wilder vs. Jason Gavern.
Jessie Vargas vs Sadam Ali  Full Fight.mp4,Jessie Vargas vs Sadam Ali.
"Jermall Charlo vs. Hugo Centeno Jr (Full Fight)   April , Barclays Center, Brooklyn, NY USA.mp4",Jermall Charlo vs. Hugo Centeno Jr.
Hopkins vs. Kovalev â€“ Full Fight.mp4,Bernard Hopkins vs. Sergey Kovalev.
Guillermo Rigondeaux vs Teon Kennedy.mp4,Guillermo Rigondeaux vs. Teon Kennedy
"James vs Ramos FULL FIGHT April , - PBC on FSmp",BLANK.
FULL FIGHT- Erislandy Lara vs Delvin Rodriguez- - PBC on Spike.mp4,Erislandy Lara vs Delvin Rodriguez.
FULL FIGHT Porter vs Bone - - PBC on Spike.mp4,Porter vs Bone.
Floyd Mayweather Vs. Hector Arroyo.mp4,Floyd Mayweather vs. Hector Arroyo
Cotto Mayorga.mp4,Miguel Cotto vs. Ricardo Mayorga
Adonis Stevenson vs Darnell Boone II mp,Adonis Stevenson vs Darnell Boone.
"Spence Jr. vs van Heerden FULL FIGHT September th, - PBC on Spike.mp4",Errol Spence Jr. vs. Chris van Heerden.
David lemieux vs Fernando Guerrero.mp4,David Lemieux vs Fernando Guerrero.
Ricardo Mayorga vs Cory Spinks  ().mp4,Ricardo Mayorga vs Cory Spinks.
"Figueroa vs Escandon Full Fight September , - PBC on FSmp",Figueroa vs Escandon.
"Karl vs Velasquez FULL FIGHT July , - PBC on FSmp",FighterA vs. FighterB: Karl vs Velasquez.
"Balderas vs Rojas FULL FIGHT February , - PBC on FOX.mp4",Balderas vs Rojas.
"Romero vs Lopez FULL FIGHT July , - PBC on FSmp",Romero vs Lopez.
"Dulay vs Colbert FULL FIGHT April , - PBC on FSmp",Dulay vs. Colbert.
(Fight ) Floyd Mayweather vs. Carlos Baldomir [--].mp4,Floyd Mayweather vs. Carlos Baldomir.
Paul Williams vs Antonio Margarito [Full Fight].mp4,Paul Williams vs Antonio Margarito.
"Karl vs Martin FULL FIGHT November , - PBC on FSmp",BLANK
"Martin vs Grayton FULL FIGHT August , - PBC on FSmp",Martin vs Grayton.
HBO Boxing Munguia vs. Smith Carlos Caraballo vs Jesus Martinez (FULL FIGHT).mp4,FighterA vs. FighterB: BLANK
Andre Ward vs. Arthur Abraham HD.mp4,Andre Ward vs. Arthur Abraham.
"Russell vs Hedge FULL FIGHT June , - PBC on FSmp",Russell vs Hedge.
"Plant vs Rodriguez FULL FIGHT Jan. , - PBC on FSmp",Plant vs Rodriguez.
Donovan 'Razor' Ruddock vs Kimmuel Odum MUST WATCH!!.mp4,Donovan Ruddock vs Kimmuel Odum.
Deontay Wilder vs  Kelvin Price Full Fight HD.mp4,Deontay Wilder vs. Kelvin Price.
"Clark vs Dolton FULL FIGHT November , - PBC on FSmp",Clark vs Dolton.
"James vs Ugas FULL FIGHT August , - PBC on ESPN.mp4",FighterA vs. FighterB: James vs. Ugas
"Price vs Thomas FULL FIGHT June , - PBC on NBCSN.mp4",Price vs Thomas.
Paul Williams vs Sergio Martinez I.mp4,Paul Williams vs Sergio Martinez.
"Miguel Cotto vs Daniel Geale â€“ Full Fight   June , Barclays Center, Brooklyn, New York, USA.mp4",Miguel Cotto vs Daniel Geale.
Golden Boy Flashback Rashidi Ellis vs John Karl Sosa (FULL FIGHT).mp4,Rashidi Ellis vs John Karl Sosa.
Zab Judah vs Micky Ward.mp4,Zab Judah vs. Micky Ward
"Pauldo vs Zuniga Full Fight May , - PBC on FSmp",BLANK
Oscar De La Hoya vs. Manny Pacquiao HD.mp4,Oscar De La Hoya vs. Manny Pacquiao.
"Browne vs Castillo Full Fight August , - PBC on FSmp",Browne vs. Castillo
Mike Tyson vs Carl Williams - ENTIRE HBO PROGRAM.mp4,Mike Tyson vs Carl Williams.
"Rodriguez vs Seals FULL FIGHT November , - PBC on Spike.mp4",Rodriguez vs Seals.
Bermane Stiverne vs Chris Arreola Full Fight   TapTap Sports HQ (Boxing).mp4,Bermane Stiverne vs Chris Arreola.
Errol Spence vs Emmanuel Lartei Lartey mp,Errol Spence vs. Emmanuel Lartey.
Gennady Golovkin vs. Martin Murray - FULL FIGHT in HD   BOXING WORLD WEEKLY.mp4,Gennady Golovkin vs. Martin Murray.
Bernard Hopkins vs Beibut Shumenov.  Ð‘ÐµÑ€Ð½Ð°Ñ€Ð´ Ð¥Ð¾Ð¿ÐºÐ¸Ð½Ñ -  Ð‘ÐµÐ¹Ð±ÑƒÑ‚ Ð¨ÑƒÐ¼ÐµÐ½Ð¾Ð².mp4,Bernard Hopkins vs. Beibut Shumenov.
"Salinas vs Vue FULL FIGHT September , - PBC on FSmp",Salinas vs Vue.
Andre Berto vs Carlos Quintana.mp4,Andre Berto vs. Carlos Quintana
FULL FIGHT Jordan Shimmel vs Isiah Thomas - - PBC on NBCSN.mp4,Jordan Shimmel vs Isiah Thomas.
Eric Esch  Butterbean  vs Billy Eaton   FULL FIGHT.mp4,Eric Esch vs. Billy Eaton.
"Canelo Alvarez vs. James Kirkland (Full Fight)   May , Minute Maid Park, Houston, Texas, USA.mp4",Canelo Alvarez vs. James Kirkland.
Jacobs vs. Smith â€“ Full Fight (HBO Boxing).mp4,Daniel Jacobs vs. Joe Smith Jr.
"Plant vs Medina FULL FIGHT February , - PBC on FOX.mp4",Plant vs. Medina.
"Lipinets vs. Rhodes FULL FIGHT Oct. , - PBC on Bounce.mp4",Lipinets vs. Rhodes.
trinidad vs camacho.mp4,Felix Trinidad vs. Hector Camacho.
Mikkel Kessler vs Mehdi Bouadla HD.mp4,Mikkel Kessler vs. Mehdi Bouadla.
"Michael Nunn vs Donald Curry, ENTIRE SHOWTIME BOXING PROGRAM.mp4",Michael Nunn vs Donald Curry.
Adrien Broner vs Jason Litzau.mp4,Adrien Broner vs. Jason Litzau
"Galarza vs Valenzuela FULL FIGHT September , -  PBC on FSmp",Galarza vs. Valenzuela
HBO Boxing Mikey Garcia vs Juan Carlos Burgos xOGGH Bit.mp4,Mikey Garcia vs Juan Carlos Burgos.
David Lemieux vs Curtis Stevens HQ FULL- HUGE BRUTAL KTFO KNOCKOUT.mp4,David Lemieux vs Curtis Stevens.
Golden Boy On ESPN Ryan Garcia vs Jayson Velez (FULL FIGHT).mp4,Ryan Garcia vs. Jayson Velez
Shane Mosley vs Luis Collazo.mp4,Shane Mosley vs. Luis Collazo
Paul Malignaggi vs Pablo Cesar Cano Showtime.mp4,Paul Malignaggi vs. Pablo Cesar Cano.
"Riddick Bowe vs. Andrew Golota (Full Fight)   Jul , Madison Square Garden, New York, NY.mp4",Riddick Bowe vs. Andrew Golota.
Calzaghe v Lacy -World title unification (Full fight). Both undefeated.mp4,Joe Calzaghe vs. Jeff Lacy.
Adrian Granados vs Kermit Cintron mp,Adrian Granados vs. Kermit Cintron.
Carlos Quintana vs Paul Williams.mp4,Carlos Quintana vs. Paul Williams
Golden Boy Flashback Canelo Alvarez vs Liam Smith (FULL FIGHT).mp4,Canelo Alvarez vs Liam Smith.
James Toney vs Rydell Booker Fight #mp,James Toney vs Rydell Booker.
James Toney vs Vassiliy Jirov  (High Quality).mp4,James Toney vs. Vassiliy Jirov
FULL FIGHT Chris Arreola vs Fred Kassi - - PBC on CBS.mp4,Chris Arreola vs. Fred Kassi.
"Deloach vs Gallimore FULL FIGHT July , - PBC on FSmp",Deloach vs. Gallimore.
"James vs Dan FULL FIGHT July , - PBC on FSmp",BLANK.
FULL FIGHT Stevenson vs Bika - Beterbiev vs Campillo - CBS mp,Stevenson vs Bika. Beterbiev vs Campillo.
"Spencer vs Lutchmedial Full Fight August , - PBC on FOX.mp4",.
Amir Imam vs Adrian Granados.mp4,Amir Imam vs Adrian Granados.
Boxing Miguel Cotto vs Sergio Martinez th June mp,Miguel Cotto vs Sergio Martinez.
Golovkin vs. Brook â€“ Full Fight (HBO Boxing).mp4,Golovkin vs. Brook.
Manny Pacquiao vs David Diaz.mp4,Manny Pacquiao vs David Diaz. => Manny Pacquiao vs. David Diaz
"Fortuna vs Douglas FULL FIGHT November , - PBC on Spike.mp4",Fortuna vs Douglas.
Algieri vs. Provodnikov (HBO Boxing).mp4,Chris Algieri vs. Ruslan Provodnikov.
Badou Jack vs Derek Edwards  Mayweather interview.mp4,Badou Jack vs Derek Edwards.
James Toney vs. Vassiliy Jirov.mp4,James Toney vs. Vassiliy Jirov.
Carl Froch v Yusaf Mack Fight Night Live.mp4,Carl Froch vs. Yusaf Mack.
Carl Froch vs Arthur Abraham  Round & & - Full fight.mpg.mp4,Carl Froch vs Arthur Abraham.
Alexander Povetkin vs. David Price   Full Fight.en.srt,Alexander Povetkin vs. David Price.
"Wladimir Klitschko vs. David Haye   Jul , Volksparkstadion - Hamburg, Germany   Full Fight.mp4",Wladimir Klitschko vs. David Haye.
Arturo Gatti vs Gianluca Branco  mp,Arturo Gatti vs. Gianluca Branco.
"Barthelemy vs Safikov FULL FIGHT Dec. , - PBC on Spike.mp4",Rances Barthelemy vs. Denis Safikov
Paul Williams vs Erislandy Lara.mp4,Paul Williams vs. Erislandy Lara
FULL FIGHT Broner vs Molina Jr. - - PBC on NBC.mp4,Adrien Broner vs. John Molina Jr.
"Payano vs Carranza FULL FIGHT JANUARY , - PBC on Spike.mp4",Payano vs Carranza.
"Lawson vs Adams Full Fight August , - PBC on FSmp",.
Samuel Peter v Jeremy Williams - Hard Knockout.mp4,Samuel Peter vs. Jeremy Williams
James Toney Vs Samuel Peter II Fight #mp,James Toney vs. Samuel Peter II.
Juan Manuel Marquez vs Juan Diaz HD.mp4,Juan Manuel Marquez vs Juan Diaz.
Ryan Garcia vs. Carlos Morales   FULL FIGHT.mp4,Ryan Garcia vs. Carlos Morales.
"James vs Abreu FULL FIGHT PBC on Bounce - Sept. , mp",.
Marquez vs Alvarado pt  mp,Juan Manuel Marquez vs. Mike Alvarado.
"Joyce vs Kiladze Full Fight September , - PBC on FSmp",Joyce vs Kiladze.
Fortuna  vs.Velasquez FULL FIGHT Sept. - PBC on FSmp,Fortuna vs. Velasquez.
Jermell Charlo vs Jose Angel Rodriguez mp,Jermell Charlo vs. Jose Rodriguez.
James Toney Vs. Fres Qquendo Fight #mp,James Toney vs. Fres Qquendo.
"Moorer-Lewis Doubleheader, ENTIRE HBO PROGRAM.mp4",.
"Centeno Jr vs Sulecki FULL FIGHT June , - PBC on NBCSN.mp4",Centeno Jr vs Sulecki.
Maidana vs Lopez - Full Fight.mp4,Maidana vs Lopez.
Vyacheslav Shabranskyy vs Garrett Wilson HD.mp4,Vyacheslav Shabranskyy vs. Garrett Wilson.
"Jermell Charlo vs. Erickson Lubin (Full Fight)   Oct , Barclays Center, Brooklyn, NY, USA.mp4",Jermell Charlo vs. Erickson Lubin.
Danny Garcia Vs Morales HD.mp4,Danny Garcia vs. Morales.
"Marroquin vs Perez FULL FIGHT June , - PBC on FSmp",Marroquin vs Perez.
"George Foreman vs Muhammad Ali - Oct. , - Entire fight - Rounds - & Interview.mp4",George Foreman vs Muhammad Ali.
Mike Tyson vs Danny Williams Full Fight (HD).mp4,Mike Tyson vs. Danny Williams.
"Figueroa vs Jimenez FULL FIGHT September , - PBC on FSmp",Figueroa vs Jimenez.
David Tua vs Hasim Rahman I mp,David Tua vs Hasim Rahman.
"Luna vs Klimov FULL FIGHT April , - PBC on FSmp",". 

Sorry, I cannot perform this task as the given information does not contain any relevant boxing match."
Floyd Mayweather Vs. Emanuel Augustus.mp4,Floyd Mayweather vs. Emanuel Augustus
Crawford Jean.mp4,BLANK.
HBO Boxing Amir Khan v Zab Judah KO.mp4,Amir Khan vs. Zab Judah.
Dmitry Pirog vs Danny Jacobs.mp4,Dmitry Pirog vs. Danny Jacobs
Cassius Clay vs. Doug Jones   FULL FIGHT.mp4,Cassius Clay vs. Doug Jones.
Juan Manuel Lopez vs Bernabe Concepcion.mp4,Juan Manuel Lopez vs. Bernabe Concepcion
"Ajagba vs Harper Full Fight August , - PBC on FSmp",Ajagba vs Harper.
FULL FIGHT Omar Figueroa Jr. vs Ricky Burns - - PBC on CBS.mp4,Omar Figueroa Jr. vs Ricky Burns.
"Mike Tyson vs Alex Stewart , ENTIRE HBO PROGRAM.mp4",Mike Tyson vs. Alex Stewart.
FULL FIGHT Tony Harrison vs Willie Nelson - - PBC on ESPN.mp4,Tony Harrison vs Willie Nelson.
"Washington vs Nofire FULL FIGHT June , -  PBC on FSmp",Washington vs Nofire.
Ryan Garcia vs. Carlos Morales Full Fight.mp4,Ryan Garcia vs. Carlos Morales.
Errol Spence Jr vs Chris Algieri Full Fight Boxing HD New  mp,Errol Spence Jr vs Chris Algieri.
"Antonio Margarito vs. Paul Williams (Full Fight)   Jul , Home Depot Center, Carson, CA, USA.mp4",Antonio Margarito vs. Paul Williams.
"Lennox Lewis vs Hasim Rahman th November Mandalay Bay, Las Vegas, USA.mp4",Lennox Lewis vs Hasim Rahman.
"Guzman vs Aquino FULL FIGHT Oct. , - PBC on NBCSN.mp4",Guzman vs Aquino.
FULL FIGHT Daniel Jacobs vs Sergio Mora - - PBC on ESPN.mp4,Daniel Jacobs vs Sergio Mora.
"Quillin vs Love Full Fight August , - PBC on FOX.mp4",Quillin vs Love.
Shane Mosley vs  Ricardo Mayorga HD.mp4,Shane Mosley vs. Ricardo Mayorga.
"Steve Cunningham (USA) vs Krzysztof Glowacki (Poland)   BOXING fight, HD, fps.mp4",Steve Cunningham vs. Krzysztof Glowacki.
"Browne vs Kalajdzic FULL FIGHT April , - PBC on NBC.mp4",Browne vs Kalajdzic.
"Thurman vs Guerrero FULL FIGHT March , - PBC on NBC.mp4",Thurman vs Guerrero.
Danny Jacobs vs. Giovanni Lorenzo [p].mp4,Danny Jacobs vs. Giovanni Lorenzo.
Dirrell vs Rubio FULL FIGHT September th -  PBC on CBS.mp4,Dirrell vs Rubio.
FULL FIGHT Rances Barthelemy vs Antonio DeMarco - - PBC on CBS.mp4,Rances Barthelemy vs Antonio DeMarco.
Chris Eubank Jr vs Billy Joe Saunders HD.mp4,Chris Eubank Jr vs. Billy Joe Saunders
Henry Cooper vs Joe Erskine III   FULL FIGHT.mp4,Henry Cooper vs. Joe Erskine
Oscar De la Hoya vs Floyd Mayweather (-HBO BOXING).mp4,Oscar De La Hoya vs Floyd Mayweather.
Mike Tyson vs James  Buster  Douglas - ENTIRE HBO PROGRAM.mp4,Mike Tyson vs. James Douglas.
Jermell Charlo vs. Charles Hatley   FULL FIGHT.mp4,Jermell Charlo vs. Charles Hatley.
Santa Cruz-Terrazas - Full Fight.mp4,.
Bernard Hopkins vs. Felix Trinidad [Full Broadcast].mp4,Bernard Hopkins vs. Felix Trinidad.
Lamont Peterson vs. Lucas Matthysse   May Boardwalk Hall - Atlantic City NJ   FULL FIGHT.mp4,Lamont Peterson vs. Lucas Matthysse.
HBO Boxing Munguia vs. Smith Yamaguchi Falcao vs Elias Espadas (FULL FIGHT).mp4,Munguia vs. Smith.
Kendall Holt vs Danny Garcia full fight.mp4,Kendall Holt vs. Danny Garcia.
Jesus Soto Karass vs Mike Jones.mp4,Jesus Soto Karass vs. Mike Jones
Krzysztof Glowacki vs. Steve Cunningham   Apr mp,Krzysztof Glowacki vs. Steve Cunningham.
Ward vs. Dawson â€“ Full Fight.mp4,Ward vs. Dawson.
"Hall vs Brooker FULL FIGHT Dec. , - PBC on FSmp",Hall vs. Brooker.
"Clark vs Takahashi HIGHLIGHTS March , - PBC on FSmp",.
Classic Boxing Khan vs. Maidana â€“ Full Fight.mp4,Amir Khan vs. Marcos Maidana.
Roy Jones Jr. vs. Bernard Hopkins II HD.mp4,Roy Jones Jr. vs. Bernard Hopkins II.
Gennady  GGG  Golovkin vs Gabriel Rosado - Full Fight (HBO).mp4,Gennady Golovkin vs Gabriel Rosado.
"Bogere vs Bravo FULL FIGHT August , - PBC on Bounce.mp4",Bogere vs Bravo.
--Shane Mosley vs. Antonio Margarito.mp4,Shane Mosley vs. Antonio Margarito
Tommy Morrison vs Donovan Razor Ruddock.mp4,Tommy Morrison vs Donovan Ruddock.
Golden Boy Flashback Canelo Alvarez vs Alfredo Angulo (FULL FIGHT) #CaneloRocky.mp4,Canelo Alvarez vs Alfredo Angulo.
Peter Quillin vs. Ronald  Winky  Wright (Part ).mp4,Peter Quillin vs. Ronald Wright.
Lennox Lewis vs Vitali Klitschko  SkySportsmp,Lennox Lewis vs Vitali Klitschko.
"Breazeale vs Ugonoh FULL FIGHT February , - PBC on FOX.mp4",Breazeale vs Ugonoh.
"Russell vs Otieno Full Fight August , - PBC on FSmp",FighterA vs. FighterB: Russell vs Otieno.
Matthysse vs. Postol â€“ Full Fight (HBO Boxing).mp4,Lucas Matthysse vs. Viktor Postol.
"Live Stream Canelo vs. Golovkin Undercards â€“ Sat., Sept. at pm ET pm PT.mp4",.
Jarrell Miller vs. Gerald Washington   SHOWTIME CHAMPIONSHIP BOXING Prelims.mp4,Jarrell Miller vs. Gerald Washington.
Micky Ward vs Emanuel Augustus [Full Fight].mp4,Micky Ward vs Emanuel Augustus.
"Davis vs Avila FULL FIGHT April , - PBC on Spike.mp4",Davis vs Avila.
Marcos Maidana vs Josesito Lopez Full Fight.mp4,Marcos Maidana vs Josesito Lopez.
"Price vs Williams FULL FIGHT February , - PBC on FSmp",Price vs Williams.
Erislandy Lara vs Alfredo Angulo Full Fight HD.mp4,Erislandy Lara vs Alfredo Angulo.
Tim Bradley Jr. vs. Juan Marquez   Full Fight.mp4,Tim Bradley Jr. vs. Juan Marquez.
"Santa Cruz vs Mares FULL FIGHT August , - PBC on ESPN.mp4",Santa Cruz vs Mares.
"Algieri vs Khan FULL FIGHT May , - PBC on Spike.mp4",Algieri vs. Khan.
Mundine vs Clottey  (full fight).mp4,Anthony Mundine vs. Joshua Clottey.
Lamont Peterson Vs Lucas Matthysse - Full Fight HD.mp4,Lamont Peterson vs. Lucas Matthysse
"Apochi vs Chavers Full Fight August , - PBC on FSmp",Apochi vs Chavers.
James Toney vs Samuel Peter I.mp4,James Toney vs Samuel Peter.
Leo Santa Cruz vs Abner Mares Full Fight HD.mp4,Leo Santa Cruz vs Abner Mares.
"Floyd Mayweather Jr. vs. Jesus Chavez   Full Fight   Nov , Bill Graham Civic Auditorium.mp4",Floyd Mayweather Jr. vs. Jesus Chavez.
"Molina Jr vs Redkach FULL FIGHT December , - PBC on FSmp",Molina Jr vs. Redkach.
LA Fight Club Jesus Soto Karass vs Yoshihiro Kamegai.mp4,Jesus Soto Karass vs. Yoshihiro Kamegai
"Gennady Golovkin vs. Kell Brook (Full Fight)   Sep , OArena, Greenwich, London, UK.mp4",Gennady Golovkin vs. Kell Brook.
"Karl vs Olvera FULL FIGHT Oct , - PBC on FSmp",BLANK
Golden Boy Flashback Canelo Alvarez vs Julio Cesar Chavez Jr. (FULL FIGHT).mp4,Canelo Alvarez vs Julio Cesar Chavez Jr.
Angelo Santana vs Hank Lundy.mp4,Angelo Santana vs Hank Lundy.
"Kauffman vs Alexander FULL FIGHT June , -  PBC on FSmp",Kauffman vs Alexander.
Artur Szpilka vs Mike Mollo II Full Fight Highlights.mp4,Artur Szpilka vs Mike Mollo II.
"Keith Thurman vs Luis Collazo (Full Fight)   Nov , USF Sun Dome in Tampa, Florida.mp4",Keith Thurman vs Luis Collazo.
Lucas Matthysse vs Mike Dallas Jr (Full Fight ).mp4,Lucas Matthysse vs Mike Dallas Jr.
Shawn Porter vs Adrien Broner   Full Fight.en.srt,Shawn Porter vs Adrien Broner.
"Quezada vs Krael FULL FIGHT June , - PBC on NBCSN.mp4",Quezada vs Krael.
Jermell Charlo Vs Vanes Martirosyan.mp4,Jermell Charlo vs. Vanes Martirosyan
"Lara vs Marrero FULL FIGHT April , - PBC on FOX.mp4",Lara vs Marrero.
"Bone vs Krael FULL FIGHT May , - PBC on BOUNCE.mp4",.
"Dirrell vs Han FULL FIGHT April , - PBC on FOX.mp4",Dirrell vs Han.
Manny Pacquiao vs Marco Antonio Barrera.mp4,Manny Pacquiao vs. Marco Antonio Barrera
BoxingMosley vs.Mora.mp4,Shane Mosley vs. Sergio Mora
Shane Mosley vs Shannan Taylor.mp4,Shane Mosley vs Shannan Taylor. -> Shane Mosley vs. Shannan Taylor
"Lara vs Rojas FULL FIGHT Sept. , - PBC on FSmp",Lara vs Rojas.
Miguel Cotto vs. Michael Jennings.mp4,Miguel Cotto vs. Michael Jennings
Freddie Welsh vs Packey McFarland III   FULL FIGHT.mp4,Freddie Welsh vs. Packey McFarland III.
Miguel Cotto vs Michael Jennings full fight.mp4,Miguel Cotto vs Michael Jennings.
Classic Saul  Canelo  Alvarez vs. Kermit Cintron.mp4,Saul Canelo Alvarez vs. Kermit Cintron
"Douglas vs De Alba FULL FIGHT Dec. , - PBC on FSmp",Douglas vs De Alba.
Jermall Charlo vs. Juan Montiel   FULL FIGHT.mp4,Jermall Charlo vs. Juan Montiel.
MANNY PACQUIAO VS SHANE MOSLEY FULL FIGHTS.mp4,Manny Pacquiao vs. Shane Mosley.
"Figueroa vs Nieves FULL FIGHT May , - PBC on FSmp",Figueroa vs Nieves.
Marcos Maidana vs Victor Cayo.mp4,Marcos Maidana vs. Victor Cayo
Deontay Wilder vs. Johann Duhaupas   SepFull Fight.en.srt,Deontay Wilder vs. Johann Duhaupas.
Golden Boy Flashback Floyd Mayweather vs. Ricky Hatton (FULL FIGHT).mp4,Floyd Mayweather vs. Ricky Hatton.
--Erislandy Lara vs Austin Trout.mp4,Erislandy Lara vs. Austin Trout
Danny Garcia vs. Brandon Rios   Full Fight   SHOWTIME CHAMPIONSHIP BOXING.mp4,Danny Garcia vs. Brandon Rios.
"Figueroa vs Fassinou FULL FIGHT July , - PBC on FSmp",". 

(blank)"
David Haye vs Wladimir Klitschko (july) - Full Fight HD.mp4,David Haye vs Wladimir Klitschko.
FULL FIGHT Berto vs Lopez - - PBC on Spike.mp4,Berto vs Lopez.
"Broner vs Porter FULL FIGHT  June , - PBC on NBC.mp4",Adrien Broner vs. Shawn Porter.
"George Foreman vs Axel Schulz, ENTIRE HBO PROGRAM.mp4",George Foreman vs Axel Schulz.
Gennady Golovkin vs. Osumanu Adama - Full Fight in HD.mp4,Gennady Golovkin vs. Osumanu Adama.
Bernard Hopkins vs Antonio Tarver full fight HD.mp4,Bernard Hopkins vs Antonio Tarver.
Shane Mosley vs Ricardo Mayorga - FULL FIGHT [].mp4,Shane Mosley vs Ricardo Mayorga.
"Jermall Charlo vs Cornelius Bundrage (Full Fight)  Sep , Foxwoods Resort   Mashantucket, CT.mp4",Jermall Charlo vs Cornelius Bundrage.
FULL FIGHT Daniel Jacobs vs Caleb Traux - - PBC on Spike.mp4,Daniel Jacobs vs Caleb Traux.
Championship Boxing   February Rogers tv.mp4,BLANK
Anthony Joshua v Dillian Whyte.mp4,Anthony Joshua vs. Dillian Whyte.
Shotgun () STERLING HAYDEN.mp4,.
"Ramirez vs Mendez Full Fight May , - PBC on FSmp",Ramirez vs Mendez.
Chris Eubank Jr vs Arthur Abraham full fight HD.mp4,Chris Eubank Jr vs Arthur Abraham.
"Russell vs Esquivel Full Fight August , - PBC on FSmp",Russell vs Esquivel.
"Lennox Lewis vs Phil Jackson, HBO PROGRAM.mp4",Lennox Lewis vs Phil Jackson.
"Peterson vs. Diaz FULL FIGHT Oct. , - PBC on NBC.mp4",Peterson vs. Diaz.
"Herring vs  Miller FULL FIGHT August , - PBC on FSmp",Jamel Herring vs. Miller.
Glen Johnson vs Andrzej Fonfara mp,Glen Johnson vs. Andrzej Fonfara
 Manny Pacquiao vs Juan Manuel Marquez..  Robbery.mp4,Manny Pacquiao vs Juan Manuel Marquez.
James Toney vs Dominick Guinn Fight #mp,James Toney vs Dominick Guinn.
"Joshua Clottey vs Zab Judah (Full Fight)   Aug , Palms Casino Resort, Las Vegas, Nevada, USA.mp4",Joshua Clottey vs. Zab Judah.
Juan Manuel Marquez vs Marco Antonio Barrera.mp4,Juan Manuel Marquez vs. Marco Antonio Barrera
"BOXING RING, Oscar De La Hoya vs Hector Camacho Boxing Fights.mp4",Oscar De La Hoya vs Hector Camacho.
Fight of the Year contender! Archie Sharp v Lyon Woodstock full fight replay.mp4,.
Javier Fortuna vs Luis Franco Full Fight Highlights.mp4,Javier Fortuna vs Luis Franco.
FULL FIGHT Alexander Povetkin vs David Price   Big knockout! ðŸ¥Š.mp4,Alexander Povetkin vs David Price.
Tyson Fury vs Christian Hammer mp,Tyson Fury vs. Christian Hammer
"Adonis Stevenson vs Tommy Karpency September th, FULL FIGHT - PBC on Spike.mp4",Adonis Stevenson vs Tommy Karpency.
"Gervonta Davis vs. Yuriorkis Gamboa   Dec , State Farm Arena, Atlanta, GA USA   FULL FIGHT.mp4",Gervonta Davis vs. Yuriorkis Gamboa.
Chad Dawson vs  Antonio Tarver II.mp4,Chad Dawson vs. Antonio Tarver.
Carl Froch vs Jermain Taylor.mp4,Carl Froch vs Jermain Taylor.
Guillermo Rigondeaux vs Robert Marroquin.mp4,Guillermo Rigondeaux vs. Robert Marroquin
"Gausha vs Hernandez FULL FIGHT PBC on Bounce - February , mp",.
Boks James Toney protiv Damon Reed xHDTVRip.mp4,BLANK.
"Oleg Maskaev vs. Samuel Peter   Mar , Plaza de Toros, Cancun, Quintana Roo, MX   FULL FIGHT.mp4",Oleg Maskaev vs. Samuel Peter.
FULL FIGHT James DeGale vs Andre Dirrell - - PBC on NBC.mp4,James DeGale vs. Andre Dirrell.
"Williams vs Conley FULL FIGHT June , - PBC on Bounce.mp4",Williams vs Conley.
"Balderas vs Smith FULL FIGHT April , - PBC on FSmp",Balderas vs Smith.
Timothy Bradley vs Joel Casamayor.mp4,Timothy Bradley vs Joel Casamayor.
"McAllister vs Torres FULL FIGHT March , - PBC on FSmp",McAllister vs Torres.
Bradley vs. Rios (HBO Boxing).mp4,Timothy Bradley vs. Brandon Rios.
"Alexander vs. Martinez FULL FIGHT - PBC on ESPN - Oct. , mp",.
Larry Holmes vs Gerry Cooney (High Quality).mp4,Larry Holmes vs Gerry Cooney.
"Thurman vs Barrios   FULL FIGHT   February , mp",Thurman vs Barrios.
--Mike Tyson - Kevin McBride.mp4,Mike Tyson vs. Kevin McBride.
Joshua Clottey vs Zab Judah.mp4,Joshua Clottey vs. Zab Judah
Gamboa vs Perez Full fight.mp4,Gamboa vs Perez.
Nonito Donaire vs Moruti Mthalane.mp4,Nonito Donaire vs. Moruti Mthalane
"Thurman vs Porter FULL FIGHT June , - PBC on Showtime.mp4",Thurman vs Porter.
"Figueroa vs Chirino FULL FIGHT February , - PBC on FSmp",Figueroa vs Chirino.
James Toney & Oscar De La Hoya Doubleheader - ENTIRE HBO PROGRAM.mp4,.
Lennox Lewis vs Zeljko Mavrovic [FULL FIGHT].mp4,Lennox Lewis vs. Zeljko Mavrovic
Kostya Tszyu Vs Zab Judah.mp4,Kostya Tszyu vs. Zab Judah
"Ugas vs Ghvamichava FULL FIGHT February , - PBC on FSmp",Ugas vs Ghvamichava.
FULL FIGHT   Greg Hardy vs. Rasim Rahman Jr. - MF & DAZN mp,Greg Hardy vs. Rasim Rahman Jr.
Manny Pacquiao vs. Miguel Cotto   Full Fight.mp4,Manny Pacquiao vs. Miguel Cotto.
"Floyd Mayweather Jr. vs. Victor Ortiz   SepMGM Grand - Paradise, Nevada, NV   Full Fight.en.srt",Floyd Mayweather Jr. vs. Victor Ortiz.
Joseph Parker Vs  Carlos Takam.mp4,Joseph Parker vs. Carlos Takam
"Foreman vs Moorer, ENTIRE HBO PROGRAM.mp4",Foreman vs Moorer.
Manny Pacquiao vs. Joshua Clottey HD.mp4,Manny Pacquiao vs. Joshua Clottey.
Dillian Whyte vs  Lucas Browne FULL FIGHT - HD.mp4,Dillian Whyte vs. Lucas Browne
Ð¡Ð°ÑƒÐ»ÑŒ ÐÐ»ÑŒÐ²Ð°Ñ€ÐµÑ - Ð¨ÐµÐ¹Ð½ ÐœÐ¾Ð·Ð»Ð¸ (Saul Alvarez vs Shane Mosley) full fight.mp4,Saul Alvarez vs. Shane Mosley
"Mike Tyson vs. Robert Colay (FULL FIGHT)   Nov , Atlantis Hotel & Casino   Atlantic City NJ.mp4",Mike Tyson vs. Robert Colay.
"Ramirez vs DeMarco FULL FIGHT October , - PBC on FOX.mp4",Ramirez vs DeMarco.
Diego Corrales vs Acelino Freitas  [Full Fight].mp4,Diego Corrales vs. Acelino Freitas
Keith Thurman vs Brandon Hoskins - full fight.mp4,Keith Thurman vs Brandon Hoskins.
Joel Casamayor vs Juan Manuel Marquez HBO PPV mp,Joel Casamayor vs. Juan Manuel Marquez.
Bernard Hopkins vs. Roy Jones Jr. II   AprFull Fight.en.srt,Bernard Hopkins vs. Roy Jones Jr. II.
"Flores vs Briones FULL FIGHT Jan. , - PBC on FSmp",Flores vs Briones.
"Fundora vs Owens FULL FIGHT April , - PBC on FSmp",Fundora vs Owens.
"Jermall Charlo vs. Cornelius Bundrage FULL FIGHT, September th , PBC on NBC.mp4",Jermall Charlo vs. Cornelius Bundrage.
Marco Antonio Barrera vs Kevin Kelley mp,Marco Antonio Barrera vs. Kevin Kelley.
Morales vs Pacquiao Full fight HD.mp4,Erik Morales vs. Manny Pacquiao.
"Lara vs Briones FULL FIGHT May , - PBC on FSmp",Lara vs Briones.
Golden Boy On ESPN Travell Mazion vs Daquan Pauldo (Full Fight).mp4,Travell Mazion vs Daquan Pauldo.
"DeLoach vs Rosario Full Fight May , - PBC on FSmp",". 

Sorry, I cannot perform this task as the provided filename does not contain the required information in the correct format."
Marco Antonio Barrera vs Prince Naseem Hamed.mp4,Marco Antonio Barrera vs. Prince Naseem Hamed
Miguel Cotto vs Alfonso Gomez full fight.mp4,Miguel Cotto vs. Alfonso Gomez
Tommy Morrison vs George Foreman [Full Fight].mp4,Tommy Morrison vs George Foreman.
"Razor Ruddock vs Lennox Lewis, - ENTIRE HBO PROGRAM.mp4",Razor Ruddock vs Lennox Lewis.
"Davis vs Sanchez FULL FIGHT Dec. , - PBC on Spike.mp4",Davis vs Sanchez.
Canelo vs Lopez.mp4,Canelo vs Lopez.
"Andre Dirrell vs. Anthony Hanshaw (Full Fight)   May , Chumash Casino, Santa Ynez, CA.mp4",Andre Dirrell vs. Anthony Hanshaw.
Canelo vs. Khan â€“ Full Fight.mp4,Canelo vs. Khan.
"Marco Antonio Barrera vs. Juan Manuel Marquez (Full Fight)   Mar , Mandalay Bay Resort   NV.mp4",Marco Antonio Barrera vs. Juan Manuel Marquez.
Nonito Donaire vs Vic Darchinyan HD.mp4,Nonito Donaire vs. Vic Darchinyan.
"Fundora vs Urista Full Fight August , - PBC on FSmp",.
"Keith Thurman vs. Carlos Quintana (Full Fight)   Nov , Citizens Business Bank, Ontario, CA.mp4",Keith Thurman vs. Carlos Quintana.
 Miguel Ãngel Cotto vs Joshua Clottey HDTV ÐžÑ‚Ð»Ð¸Ñ‡Ð½Ñ‹Ð¹ Ð±Ð¾Ð¹ !!!.mp4,Miguel Ãngel Cotto vs Joshua Clottey.
Floyd Mayweather Vs. Carlos Gerena.mp4,Floyd Mayweather vs. Carlos Gerena
FULL FIGHT Peter Quillin vs Andy Lee - - PBC on NBC.mp4,Peter Quillin vs Andy Lee.
Sugar Ray Leonard vs Roberto Duran II.mp4,Sugar Ray Leonard vs. Roberto Duran.
Golden Boy Flashback Shane Mosley vs Fernando Vargas II (FULL FIGHT).mp4,Shane Mosley vs Fernando Vargas.
"Balderas vs Fajardo FULL FIGHT July , - PBC on FSmp",Balderas vs Fajardo.
Broner vs  Malignaggi.mp4,Adrien Broner vs. Paulie Malignaggi.
David Lemieux vs. Gabe Rosado [Full Fight].mp4,David Lemieux vs. Gabe Rosado.
Carl Froch vs Arthur Abraham  Round & - Full fight.mpg.mp4,Carl Froch vs Arthur Abraham.
Ricardo Mayorga vs Vernon Forrest mp,Ricardo Mayorga vs Vernon Forrest.
Paulie Malgnaggi vs Orlando Lora full fight.mp4,Paulie Malgnaggi vs Orlando Lora.
(Fight ) Floyd Mayweather vs. Jose Luis Castillo [--].mp4,Floyd Mayweather vs. Jose Luis Castillo.
--Paul Williams vs. Carlos Quintana.mp4,Paul Williams vs. Carlos Quintana.
"Chaves vs James FULL FIGHT December , - PBC on FSmp",Chaves vs James.
"Samuel Peter vs. James Toney (Full Fight)   Sep , Staples Center, Los Angeles, CA, USA.mp4",Samuel Peter vs. James Toney.
Timothy Bradley vs Lamont Peterson.mp4,Timothy Bradley vs Lamont Peterson.
"Spencer vs Howard FULL FIGHT June , -  PBC on FSmp",Spencer vs Howard.
Maravilla Martinez vs ChÃ¡vez Jr HD p.mp4,Maravilla Martinez vs. ChÃ¡vez Jr.
Timothy Bradley vs Nate Campbell.mp4,Timothy Bradley vs. Nate Campbell
Guillermo Rigondeaux vs Juan Noriega [FULL FIGHT].mp4,Guillermo Rigondeaux vs Juan Noriega.
Felix Trinidad vs Ricardo Mayorga mp,Felix Trinidad vs. Ricardo Mayorga.
"Peter Quillin vs Michael Zerafa FULL FIGHT, September , PBC on NBC.mp4",Peter Quillin vs Michael Zerafa.
Bermaine Stiverne vs. Chris Arreola   LIVE --mp,Bermaine Stiverne vs. Chris Arreola.
Cotto vs. Canelo â€“ Full Fight.mp4,"Miguel Cotto vs. Saul ""Canelo"" Alvarez."
Marquez vs Alvarado  pt  mp,Juan Manuel Marquez vs. Mike Alvarado.
Classic Fights Gennady Golovkin vs. Daniel Jacobs.mp4,Gennady Golovkin vs. Daniel Jacobs.
Dereck Chisora vs Zakaria Azzouzi   Full Fight.mp4,Dereck Chisora vs Zakaria Azzouzi.
Muhammad Ali vs Oscar Bonavena.mp4,Muhammad Ali vs. Oscar Bonavena.
Adonis Stevenson vs Chad Dawson full fight HD.mp4,Adonis Stevenson vs Chad Dawson.
Kelly Pavlik vs Jermain Taylor II á´´á´° [FULL FIGHT].mp4,Kelly Pavlik vs Jermain Taylor.
"Mike Tyson vs Larry Holmes - WBC, WBA & IBF World Heavyweight Championships.mp4",Mike Tyson vs. Larry Holmes.
Full fight - Mickey Bey vs. Carlos Cardenas - ShoBox.mp4,Mickey Bey vs. Carlos Cardenas.
FIGHT OF TITANS AndrÃ© Berto vs Luis Collazo  mp,AndrÃ© Berto vs Luis Collazo.
"James Toney vs. Samuel Peter Jan , Staples Center, Los Angeles, CA USA   Full Fight.mp4",James Toney vs. Samuel Peter.
"Aleem vs Booker FULL FIGHT March, PBC on BOUNCE.mp4",.
Robert Guerrero vs Vicente Escobedo HD [FULL FIGHT].mp4,Robert Guerrero vs Vicente Escobedo.
Dierry Jean v Lamont Peterson.mp4,Dierry Jean vs. Lamont Peterson
Boxing Andre Ward vs Sergey Kovalev II PPV p HDTV xPLUTONiUM.mp4,Andre Ward vs Sergey Kovalev II.
Thomas Williams Jr.  vs Edwin Rodriguez PBC Full Fight.mp4,Thomas Williams Jr. vs Edwin Rodriguez.
Adrien Broner vs Fernando Quintero (Robbery).mp4,Adrien Broner vs Fernando Quintero.
Victor Ortiz vs Marcos Maidana HD.mp4,Victor Ortiz vs Marcos Maidana.
Andy Lee vs John Jackson.mp4,Andy Lee vs. John Jackson
James Toney vs. Damon Reed   Full Fight.mp4,James Toney vs. Damon Reed.
Cotto vs. Geale â€“ Full Fight (HBO Boxing).mp4,Miguel Cotto vs. Daniel Geale.
Jean Pascal -vs- Bernard Hopkins  Full Fight.mp4,Jean Pascal vs. Bernard Hopkins.
Riddick Bowe vs Evander Holyfield III.mp4,Riddick Bowe vs. Evander Holyfield.
"Ghvamichava vs Molina FULL FIGHT April , - PBC on FSmp",Ghvamichava vs Molina.
Deontay Wilder vs. Siarhei Liakhovich Full Fight HD.mp4,Deontay Wilder vs. Siarhei Liakhovich.
John Ruiz - Hasim Rahman - full fight   polecam ringpolska.pl.mp4,BLANK.
FULL FIGHT Alfredo Angulo vs Hector Munoz - - PBC on ESPN.mp4,Alfredo Angulo vs Hector Munoz.
Golden Boy Flashback Floyd Mayweather vs. Miguel Cotto (FULL FIGHT).mp4,Floyd Mayweather vs. Miguel Cotto.
Danny Garcia vs Ashley Theophane.mp4,Danny Garcia vs Ashley Theophane.
"Roy Jones, Jr. vs Thulane Malinga, HBO Program.mp4",Roy Jones Jr. vs Thulane Malinga.
Devin Haney vs Mason Menard Full Fight.mp4,Devin Haney vs Mason Menard.
FULL FIGHT Keith Thurman vs Luis Collazo - - PBC on ESPN.mp4,Keith Thurman vs. Luis Collazo.
"Dirrell vs Jack FULL FIGHT April , - PBC on Spike.mp4",Dirrell vs. Jack.
Sadam Ali vs Jaime Munguia (FULL UNDERCARD).mp4,Sadam Ali vs Jaime Munguia.
"Trout vs Hernandez FULL FIGHT Sept. , - PBC on FSmp",Trout vs Hernandez.
"Buster Douglas vs. Evander Holyfield (Full Fight)   Oct , Mirage Hotel Las Vegas, NV.mp4",Buster Douglas vs. Evander Holyfield.
Kell Brook v Shawn Porter   Full Fight!   th August mp,Kell Brook vs. Shawn Porter
Peter Quillin vs Jesse Brinkley (Full fight).mp4,Peter Quillin vs Jesse Brinkley.
(Fight ) Floyd Mayweather vs. Henry Bruseles [--].mp4,Floyd Mayweather vs. Henry Bruseles.
"Deontay Wilder Vs Gerald Washington (Full Fight)   Feb , Legacy Arena, Birmingham, AL, USA.mp4",Deontay Wilder vs. Gerald Washington.
"Amir Khan vs  Lamont Peterson (Full Fight)   Dec , Convention Center, Washington, Columbia.mp4",Amir Khan vs. Lamont Peterson.
"Jermell Charlo vs John Jackson (FULL FIGHT)   May , mp",Jermell Charlo vs John Jackson.
Canelo vs. Kirkland â€“ Full Fight (HBO Boxing).mp4,Canelo vs. Kirkland.
FULL FIGHT Wale Omotoso vs Sammy Vasquez Jr. - - PBC on CBS.mp4,Wale Omotoso vs Sammy Vasquez Jr.
Deontay Wilder vs. Damon McCreary Full Fight HD.mp4,Deontay Wilder vs. Damon McCreary.
"Balderas vs Martino Full Fight September , - PBC on FSmp",Balderas vs Martino.
Zab Judah vs Vernon Paris  [Full Fight].mp4,Zab Judah vs Vernon Paris.
Roberto Duran vs Sugar Ray Leonard  I  (High Quality).mp4,Roberto Duran vs Sugar Ray Leonard.
"Selby vs. Montiel FULL FIGHT Oct. , - PBC on ESPN.mp4",Selby vs. Montiel.
"Cintron vs Grayton FULL FIGHT March , - PBC on BOUNCE.mp4",Cintron vs Grayton.
"Tyson-Tillman & Foreman-Rodrigues Doubleheader , ENTIRE HBO PROGRAM.mp4",.
"Cruz vs Grayton FULL FIGHT November , - PBC on FSmp",Cruz vs. Grayton.
Bernard Hopkins Vs Jean Pascal II - HBO  HD p.mp4,Bernard Hopkins vs. Jean Pascal II.
"Barrios vs Rodriguez FULL FIGHT June , - PBC on FSmp",Barrios vs Rodriguez.
David Diaz vs Erik Morales.mp4,David Diaz vs Erik Morales.
Full Fight Video Diego DE LA HOYA vs. Roberto PUCHETA.mp4,Diego DE LA HOYA vs. Roberto PUCHETA
Terence Crawford vs. Andrey Klimov.mp4,Terence Crawford vs. Andrey Klimov.
Ricky Hatton vs Luis Collazo.mp4,Ricky Hatton vs. Luis Collazo
Jermell Charlo vs. Austin Trout   FULL FIGHT.mp4,Jermell Charlo vs. Austin Trout.
Kelly Pavlik vs Edison Miranda HD.mp4,Kelly Pavlik vs. Edison Miranda.
Joe Louis vs Arturo Godoy   FULL FIGHT.mp4,Joe Louis vs Arturo Godoy.
Andre Ward vs Edwin Rodriguez   ÐÐ½Ð´Ñ€Ðµ Ð£Ð¾Ñ€Ð´   Ð­Ð´Ð²Ð¸Ð½ Ð Ð¾Ð´Ñ€Ð¸Ð³ÐµÑHD   p.mp4,Andre Ward vs Edwin Rodriguez.
Lucas Matthysse vs. Roberto Ortiz Full Fight HD.mp4,Lucas Matthysse vs. Roberto Ortiz.
Andre Ward vs Esteban Camou HD [FULL FIGHT].mp4,Andre Ward vs Esteban Camou.
Donovan Razor Ruddock vs Michael Dokes -MUST SEE KNOCKOUT!.mp4,Donovan Ruddock vs Michael Dokes.
Sergey Kovalev vs Nadjib Mohammedi Full Fight Highlights mp,Sergey Kovalev vs Nadjib Mohammedi.
"Nyambayar vs Dela Torre FULL FIGHT November , - PBC on Bounce.mp4",Tugstsogt Nyambayar vs. Harmonito Dela Torre.
Floyd Mayweather Vs. Shane Mosley (HD).mp4,Floyd Mayweather vs. Shane Mosley.
Golden Boy on ESPN Gary  Spike  O'Sullivan vs Berlin Abreu rd RD KO.mp4,"Gary ""Spike"" O'Sullivan vs Berlin Abreu."
Christopher Pearson vs Lanardo Tyner.mp4,Christopher Pearson vs Lanardo Tyner.
"Guzman vs Rosas FULL FIGHT April , - PBC on Spike.mp4",Guzman vs. Rosas.
John Ruiz vs Andrew Golota mp,John Ruiz vs. Andrew Golota.
Golden Boy On ESPN Rashidi Ellis vs Alberto Mosquera (FULL FIGHT).mp4,Rashidi Ellis vs Alberto Mosquera.
--Carl Froch vs. Andre Dirrell.avi.mp4,Carl Froch vs. Andre Dirrell.
"Ortiz vs Sanchez-Leon FULL FIGHT Dec. , - PBC on NBCSN.mp4",Ortiz vs Sanchez-Leon.
Floyd Mayweather Vs. Larry O`Shields.mp4,Floyd Mayweather vs. Larry O'Shields
Errol Spence Jr. vs Samuel Vargas - Full Fight.mp4,Errol Spence Jr. vs Samuel Vargas.
Floyd Mayweather Vs. Angel Manfredy.mp4,Floyd Mayweather vs. Angel Manfredy
"Andre Ward vs. Chad Dawson (Full Fight)   Sep , Oracle Arena, Oakland, California, USA.mp4",Andre Ward vs. Chad Dawson.
"Fulton vs Meraz Full Fight September , - PBC on FSmp",Fulton vs. Meraz
"Dulay vs Esquivel FULL FIGHT May , - PBC on FSmp",Dulay vs Esquivel.
"Figueroa vs DeMarco FULL FIGHT Dec. , - PBC on NBC.mp4",Figueroa vs DeMarco.
"Canelo Alvarez vs. Amir Khan   May, T-Mobile Arena - Las Vegas, NV USA.mp4",Canelo Alvarez vs. Amir Khan.
Antonio Tarver vs Glen Johnson mp,Antonio Tarver vs. Glen Johnson.
"Lopez vs Cruz FULL FIGHT April , - PBC on FOX.mp4",Lopez vs Cruz.
FULL FIGHT Arreola vs Harper - - PBC on Spike.mp4,Chris Arreola vs. Harper.
(Fight ) Floyd Mayweather vs. Genaro Hernandez [-].mp4,Floyd Mayweather vs. Genaro Hernandez.
Classic James Kirkland vs. Alfredo Angulo.mp4,James Kirkland vs. Alfredo Angulo.
Sam Peter vs Oleg Maskaev.mp4,Sam Peter vs Oleg Maskaev.
"Berto vs Alexander Full Fight August , - PBC on FOX.mp4",.
LA FIGHT CLUB Oscar Negrete vs Diuhl Olguin (FULL FIGHT).mp4,Oscar Negrete vs Diuhl Olguin.
Deontay Wilder Vs Siarhei Liakhovich.mp4,Deontay Wilder vs. Siarhei Liakhovich
--Andre Dirrell vs Anthony Hanshaw.mp4,Andre Dirrell vs. Anthony Hanshaw
"Borrego vs Watts FULL FIGHT June , - PBC on FSmp",Borrego vs Watts.
"Spence Jr. vs Barrera FULL FIGHT Nov. , - PBC on NBC.mp4",Errol Spence Jr. vs. Barrera.
Anthony Mundine vs Sugar Shane Mosley.mp4,Anthony Mundine vs Sugar Shane Mosley.
"Velasquez vs Jones FULL FIGHT September , - PBC on FSmp",Velasquez vs Jones.
"Ortiz vs Martz FULL FIGHT December , mp",Ortiz vs. Martz.
Erik Morales - Zahir Raheem.mp4,Erik Morales vs. Zahir Raheem
"Evander Holyfield vs. Lennox Lewis   Mar , Madison Square Garden New York, NY   FULL FIGHT.mp4",Evander Holyfield vs. Lennox Lewis.
Timothy Bradley vs Kendall Holt.mp4,Timothy Bradley vs Kendall Holt.
"Vasyl Lomachenko vs. Gary Russell Jr   JunCrypto.com Arena, Los Angeles, CA USA.en.srt",Vasyl Lomachenko vs. Gary Russell Jr.
"Riddick Bowe vs Jesse Ferguson, HBO Program.mp4",Riddick Bowe vs Jesse Ferguson.
Roy Jones Jr vs James Toney - IBF World Super Middleweight Championship.mp4,Roy Jones Jr. vs James Toney.
"Booth vs Mercado FULL FIGHT June , - PBC on FSmp",Booth vs. Mercado.
"Monroe vs Maciel Full Fight August , - PBC on FSmp",.
Full fights boxing classics.mu,BLANK.
Golovkin vs Dominic Wade Full Fight HBO.mp4,Golovkin vs. Dominic Wade
"Watch LIVE! Canelo vs. Golovkin Preliminary undercards Sat., Sept. at pm ET pm PT.mp4",.
Luis Ortiz vs Daniel Martz full fight KNOCKOUT!!.mp4,Luis Ortiz vs. Daniel Martz.
"Lubin vs De Jesus Macias Full Fight January , - PBC on Bounce.mp4",Lubin vs De Jesus Macias.
"Charlo vs Campfort FULL FIGHT Nov. , - PBC on NBC.mp4",Charlo vs Campfort.
"Fulton vs Rosario FULL FIGHT April , - PBC on FSmp",Fulton vs Rosario.
"Vitali Klitschko vs Danny Williams   th December Mandalay Bay, Las Vegas, USA.mp4",Vitali Klitschko vs Danny Williams.
Arturo Gatti vs Carlos Manuel Baldomir mp,Arturo Gatti vs. Carlos Baldomir.
"Bizier vs Lawson FULL FIGHT Nov , - PBC on NBCSN.mp4",.
Camacho Whitaker Doubleheader.mp4,.
--Andre Dirrell vs. Arthur Abraham.avi.mp4,Andre Dirrell vs. Arthur Abraham.
Lennox Lewis vs Frank Bruno.mp4,Lennox Lewis vs Frank Bruno. => Lennox Lewis vs. Frank Bruno
Chad Dawson vs  Antonio Tarver I.mp4,Chad Dawson vs. Antonio Tarver
Golden Boy Flashback Canelo Alvarez vs Austin Trout (FULL FIGHT).mp4,Canelo Alvarez vs. Austin Trout
Gennady  GGG  Golovkin vs Daniel Geale - Full Fight (HBO).mp4,Gennady Golovkin vs Daniel Geale.
Diego Corrales vs Roberto Garcia (English Broadcast).mp4,Diego Corrales vs Roberto Garcia.
Amir Khan vs  Lamont Peterson Fixed fight.mp4,Amir Khan vs. Lamont Peterson.
Amir Khan vs Willie Limond.mp4,Amir Khan vs. Willie Limond
Evander Holyfield vs. Michael Moorer II   FULL FIGHT.mp4,Evander Holyfield vs. Michael Moorer II.
Riddick Bowe vs Andrew Golota (Full Fight).mp4,Riddick Bowe vs Andrew Golota.
Live Stream Canelo vs. Khan Preliminary Undercards.mp4,.
"Vitali Klitschko vs. Chris Arreola (Full Fight)   Sep , Staples Center, Los Angeles, CA.mp4",Vitali Klitschko vs. Chris Arreola.
Adonis Stevenson (-) vs Thomas Williams Jr. (-) - Jul - Full Fight.mp4,Adonis Stevenson vs. Thomas Williams Jr.
"Dulay vs Padilla FULL FIGHT August , - PBC on FSmp",Dulay vs. Padilla.
"Cruz vs Green FULL FIGHT Dec. , - PBC on FSmp",Cruz vs Green.
Carl Froch vs Jean Pascal.mp4,Carl Froch vs. Jean Pascal
"Flores vs Tamayo FULL FIGHT May , - PBC on FSmp",Flores vs Tamayo.
Victor Ortiz vs. Marcos Maidana.mp4,Victor Ortiz vs. Marcos Maidana.
Antonio Tarver vs  Glen Johnson I.mp4,Antonio Tarver vs. Glen Johnson.
Adrien Broner vs Antonio DeMarco FULL.mp4,Adrien Broner vs Antonio DeMarco.
"Arreola vs Kauffman FULL FIGHT Dec. , - PBC on NBC.mp4",Arreola vs Kauffman.
Jermain Taylor vs Ronald 'Winky' Wright.mp4,Jermain Taylor vs. Ronald Wright
"Hernadez vs Davis FULL FIGHT March , - PBC on FSmp",Hernandez vs. Davis.
"Thompson vs Newman FULL FIGHT November , - PBC on Bounce.mp4",Thompson vs. Newman.
Wladimir Klitschko Vs  Samuel Peter mp,Wladimir Klitschko vs. Samuel Peter.
"Mike Tyson vs. Ricardo Spain   Full Fight   June , Resorts International   Atlantic City NJ.mp4",Mike Tyson vs. Ricardo Spain.
Lennox Lewis vs Hasim Rahman II.mp4,Lennox Lewis vs Hasim Rahman.
(Fight ) Floyd Mayweather vs. Victoriano Sosa [--].mp4,Floyd Mayweather vs. Victoriano Sosa.
Andre Berto vs Victor  FIGHT OF THE YEAR.mp4,Andre Berto vs Victor.
Marcos Maidana vs  Soto Karass  HD FULL FIGHT.mp4,Marcos Maidana vs. Soto Karass.
"Clark vs Rosario Full Fight August , - PBC on FSmp",.
FULL FIGHT Tomoki Kameda vs Jamie McDonnell - - PBC on CBS.mp4,Tomoki Kameda vs Jamie McDonnell.
Adonis Stevenson vs Tavoris Cloud FULL FIGHT HD.mp4,Adonis Stevenson vs Tavoris Cloud.
Shannon Briggs vs Abraham Okine.mp4,Shannon Briggs vs Abraham Okine.
Golden Boy Flashback Canelo Alvarez vs Erislandy Lara (FULL FIGHT).mp4,Canelo Alvarez vs Erislandy Lara.
"Rosario vs Gallimore FULL FIGHT April , - PBC on FSmp",Rosario vs. Gallimore.
